collection_title,collection_uri,accession_id,level_of_description,publish,accession_uri,container_indicator,instance_type
Jane C. Wright papers (SSC-MS-00177),/repositories/2/resources/800,1986-S-0028,Series,TRUE,,1,Mixed Materials
Jane C. Wright papers (SSC-MS-00177),/repositories/2/resources/800,1986-S-0028,Series,TRUE,,2,Mixed Materials
Jane C. Wright papers (SSC-MS-00177),/repositories/2/resources/800,1994-S-0054,Series,TRUE,,1,Mixed Materials
Jane C. Wright papers (SSC-MS-00177),/repositories/2/resources/800,1994-S-0054,Series,TRUE,,2,Mixed Materials
Jane C. Wright papers (SSC-MS-00177),/repositories/2/resources/800,1994-S-0060,Series,TRUE,,1,Mixed Materials
Jane C. Wright papers (SSC-MS-00177),/repositories/2/resources/800,1994-S-0060,Series,TRUE,,2,Mixed Materials
Jane C. Wright papers (SSC-MS-00177),/repositories/2/resources/800,1994-S-0060,Series,TRUE,,3,Mixed Materials
Jane C. Wright papers (SSC-MS-00177),/repositories/2/resources/800,1994-S-0060,Series,TRUE,,4,Mixed Materials
Jane C. Wright papers (SSC-MS-00177),/repositories/2/resources/800,1994-S-0060,Series,TRUE,,5,Mixed Materials
Jane C. Wright papers (SSC-MS-00177),/repositories/2/resources/800,1994-S-0060,Series,TRUE,,6,Mixed Materials
Jane C. Wright papers (SSC-MS-00177),/repositories/2/resources/800,1996-S-0065,Series,TRUE,,1,Mixed Materials
Jane C. Wright papers (SSC-MS-00177),/repositories/2/resources/800,1996-S-0065,Series,TRUE,,2,Mixed Materials
Jane C. Wright papers (SSC-MS-00177),/repositories/2/resources/800,1996-S-0065,Series,TRUE,,3,Mixed Materials
Jane C. Wright papers (SSC-MS-00177),/repositories/2/resources/800,1998-S-0017,Series,TRUE,,1,Mixed Materials
Jane C. Wright papers (SSC-MS-00177),/repositories/2/resources/800,1998-S-0017,Series,TRUE,,2,Mixed Materials
Jane C. Wright papers (SSC-MS-00177),/repositories/2/resources/800,1998-S-0017,Series,TRUE,,3,Mixed Materials
Jane C. Wright papers (SSC-MS-00177),/repositories/2/resources/8000,2000-S-0034,Series,TRUE,,1,Mixed Materials
Jane C. Wright papers (SSC-MS-00177),/repositories/2/resources/8000,2000-S-0034,Series,TRUE,,2,Mixed Materials
Jane C. Wright papers (SSC-MS-00177),/repositories/2/resources/800,2000-S-0032,Series,TRUE,,1,Mixed Materials
Jane C. Wright papers (SSC-MS-00177),/repositories/2/resources/800,2000-S-0032,Series,TRUE,,2,Mixed Materials
Florence Rena Sabin papers ,/repositories/2/resources/446,2019-S-0073,Series,TRUE,,1,Mixed Materials
Mary Webb Papers,/repositories/3/resources/406,2019-MD-0090,Series,TRUE,,1,Mixed Materials